[
  {
    "category": "Government Services",
    "id": 1,
    "en": "Birth & Death Registration",
    "bn": "জন্ম ও মৃত্যু নিবন্ধন",
    "links": [
      "https://bdris.gov.bd/",
      "https://bdris.gov.bd/br/application"
    ]
  },
  {
    "category": "Government Services",
    "id": 2,
    "en": "National ID (NID)",
    "bn": "জাতীয় পরিচয়পত্র (NID)",
    "links": [
      "https://services.nidw.gov.bd/nid-pub/"
    ]
  },
  {
    "category": "Government Services",
    "id": 3,
    "en": "Passport / e-Passport",
    "bn": "পাসপোর্ট / ই-পাসপোর্ট",
    "links": [
      "https://www.epassport.gov.bd/",
      "https://passport.gov.bd/onlinestatus.aspx"
    ]
  },
  {
    "category": "Government Services",
    "id": 4,
    "en": "Land Deed & Land Development Tax",
    "bn": "জমির দলিল ও খাজনা",
    "links": [
      "https://ldtax.gov.bd/",
      "https://land.gov.bd/"
    ]
  },
  {
    "category": "Government Services",
    "id": 5,
    "en": "E-Mutation (Namjari)",
    "bn": "ই-মিউটেশন (নামজারি)",
    "links": [
      "https://mutation.land.gov.bd/",
      "https://mutation.land.gov.bd/search-application"
    ]
  },
  {
    "category": "Government Services",
    "id": 6,
    "en": "Trade License (National Portal)",
    "bn": "ট্রেড লাইসেন্স",
    "links": [
      "https://www.etradelicense.gov.bd/DefaultEng",
      "https://erevenue.dscc.gov.bd/",
      "https://erevenue.dncc.gov.bd/"
    ]
  },
  {
    "category": "Government Services",
    "id": 7,
    "en": "Driving License (BRTA)",
    "bn": "ড্রাইভিং লাইসেন্স (বিআরটিএ)",
    "links": [
      "https://bsp.brta.gov.bd/",
      "https://bsp.brta.gov.bd/login"
    ]
  },
  {
    "category": "Government Services",
    "id": 8,
    "en": "Tax (NBR e-Return/ETIN)",
    "bn": "কর (আয়কর/ভ্যাট)",
    "links": [
      "https://etaxnbr.gov.bd/"
    ]
  },
  {
    "category": "Government Services",
    "id": 9,
    "en": "Police Services - Online GD",
    "bn": "পুলিশ সেবা - অনলাইন জিডি",
    "links": [
      "https://gd.police.gov.bd/"
    ]
  },
  {
    "category": "Government Services",
    "id": 10,
    "en": "Education Board Results",
    "bn": "শিক্ষা বোর্ড ফলাফল",
    "links": [
      "https://www.educationboardresults.gov.bd/",
      "https://www.eboardresults.com/"
    ]
  },
  {
    "category": "Government Services",
    "id": 11,
    "en": "Railway Tickets",
    "bn": "রেলওয়ে টিকিট",
    "links": [
      "https://eticket.railway.gov.bd/",
      "https://railapp.railway.gov.bd/"
    ]
  },
  {
    "category": "Government Services",
    "id": 12,
    "en": "Electricity Bills (DESCO)",
    "bn": "বিদ্যুৎ বিল (ডেসকো)",
    "links": [
      "https://prepaid.desco.org.bd/customer",
      "https://desco.gov.bd/site/page/9d7a33f1-562a-4fb5-9bd1-ad89b7500a13/Online-Bill-Payment"
    ]
  },
  {
    "category": "Government Services",
    "id": 13,
    "en": "Electricity Bills (DPDC)",
    "bn": "বিদ্যুৎ বিল (ডিপিডিসি)",
    "links": [
      "https://dpdc.org.bd/site/service/ebill_gov/-",
      "https://dpdcbillpay.bracbank.com/bill"
    ]
  },
  {
    "category": "Government Services",
    "id": 14,
    "en": "WASA Water Bill",
    "bn": "পানি ও স্যুয়ারেজ (ওয়াসা)",
    "links": [
      "https://app.dwasa.org.bd/epay/wasapay/index.php/mainsite/view_bill",
      "https://wasabillpay.bracbank.com/",
      "https://www.dwasa.org/"
    ]
  },
  {
    "category": "Government & Public Services",
    "id": 15,
    "en": "Agricultural Market Info (DAM)",
    "bn": "কৃষি বাজার তথ্য (DAM)",
    "links": [
      "https://www.dam.gov.bd/"
    ]
  },
  {
    "category": "Government & Public Services",
    "id": 16,
    "en": "Disaster Management",
    "bn": "দুর্যোগ ব্যবস্থাপনা",
    "links": [
      "https://www.modmr.gov.bd/"
    ]
  },
  {
    "category": "Government & Public Services",
    "id": 17,
    "en": "Information Commission (RTI)",
    "bn": "তথ্য কমিশন (তথ্য অধিকার)",
    "links": [
      "https://infocom.gov.bd/"
    ]
  },
  {
    "category": "Government & Public Services",
    "id": 18,
    "en": "Fire Service & Civil Defence",
    "bn": "ফায়ার সার্ভিস ও সিভিল ডিফেন্স",
    "links": [
      "https://fireservice.gov.bd/"
    ]
  },
  {
    "category": "Government & Public Services",
    "id": 19,
    "en": "Health Directorate (DGHS)",
    "bn": "স্বাস্থ্য অধিদপ্তর (DGHS)",
    "links": [
      "https://dghs.gov.bd/"
    ]
  },
  {
    "category": "Government & Public Services",
    "id": 20,
    "en": "Social Services (Allowances)",
    "bn": "সামাজিক নিরাপত্তা (ভাতা)",
    "links": [
      "https://dss.gov.bd/"
    ]
  },
  {
    "category": "Private & Personal Services",
    "id": 101,
    "en": "bKash (Payments)",
    "bn": "বিকাশ (পেমেন্ট)",
    "links": [
      "https://www.bkash.com/en/",
      "https://www.bkash.com/en/products-services/land-tax"
    ]
  },
  {
    "category": "Private & Personal Services",
    "id": 102,
    "en": "Nagad (Payments)",
    "bn": "নগদ (পেমেন্ট)",
    "links": [
      "https://nagad.com.bd/en/"
    ]
  },
  {
    "category": "Private & Personal Services",
    "id": 103,
    "en": "Rocket / Dutch-Bangla Mobile Banking",
    "bn": "রকেট (ডিবিবিএল)",
    "links": [
      "https://www.dutchbanglabank.com/rocket/rocket.html"
    ]
  },
  {
    "category": "Private & Personal Services",
    "id": 104,
    "en": "Uber (Ride Sharing)",
    "bn": "উবার (রাইড শেয়ারিং)",
    "links": [
      "https://www.uber.com/bd/en/"
    ]
  },
  {
    "category": "Private & Personal Services",
    "id": 105,
    "en": "Pathao (Ride & Courier)",
    "bn": "পাঠাও (রাইড ও কুরিয়ার)",
    "links": [
      "https://pathao.com/"
    ]
  },
  {
    "category": "Private & Personal Services",
    "id": 106,
    "en": "Foodpanda (Food Delivery)",
    "bn": "ফুডপান্ডা (খাবার ডেলিভারি)",
    "links": [
      "https://www.foodpanda.com.bd/"
    ]
  },
  {
    "category": "Private & Personal Services",
    "id": 107,
    "en": "Daraz (Online Shopping)",
    "bn": "দারাজ (অনলাইন শপিং)",
    "links": [
      "https://www.daraz.com.bd/"
    ]
  },
  {
    "category": "Private & Personal Services",
    "id": 108,
    "en": "Sheba.xyz (Home Services)",
    "bn": "শেবা.এক্সওয়াইজেড (হোম সার্ভিস)",
    "links": [
      "https://www.sheba.xyz/"
    ]
  }
]